date,corridor,rate
2025-01-01,USD/INR,83.09934283060224
2025-01-02,USD/INR,82.97234713976576
2025-01-03,USD/INR,83.12953770762014
2025-01-04,USD/INR,83.3046059712816
2025-01-05,USD/INR,82.95316932505533
2025-01-06,USD/INR,82.95317260861016
2025-01-07,USD/INR,83.31584256310148
2025-01-08,USD/INR,83.15348694583058
2025-01-09,USD/INR,82.906105122813
2025-01-10,USD/INR,83.1085120087172
2025-01-11,USD/INR,82.9073164614375
2025-01-12,USD/INR,82.90685404928595
2025-01-13,USD/INR,83.0483924543132
2025-01-14,USD/INR,82.61734395106843
2025-01-15,USD/INR,82.6550164334974
2025-01-16,USD/INR,82.8875424941518
2025-01-17,USD/INR,82.79743377593311
2025-01-18,USD/INR,83.06284946651905
2025-01-19,USD/INR,82.81839518489576
2025-01-20,USD/INR,82.71753925973294
2025-01-21,USD/INR,83.29312975378431
2025-01-22,USD/INR,82.9548447399027
2025-01-23,USD/INR,83.01350564093758
2025-01-24,USD/INR,82.71505036275731
2025-01-25,USD/INR,82.89112345509497
2025-01-26,USD/INR,83.02218451794198
2025-01-27,USD/INR,82.76980128451554
2025-01-28,USD/INR,83.07513960366913
2025-01-29,USD/INR,82.87987226201624
2025-01-30,USD/INR,82.94166125004135
2025-01-31,USD/INR,82.87965867755412
2025-02-01,USD/INR,83.37045563690178
2025-02-02,USD/INR,82.99730055505242
2025-02-03,USD/INR,82.78845781420883
2025-02-04,USD/INR,83.16450898242064
2025-02-05,USD/INR,82.7558312700058
2025-02-06,USD/INR,83.04177271900095
2025-02-07,USD/INR,82.60806597522405
2025-02-08,USD/INR,82.73436279022032
2025-02-09,USD/INR,83.03937224717383
2025-02-10,USD/INR,83.14769331599908
2025-02-11,USD/INR,83.034273656238
2025-02-12,USD/INR,82.97687034352235
2025-02-13,USD/INR,82.93977926088215
2025-02-14,USD/INR,82.70429560192652
2025-02-15,USD/INR,82.85603115832106
2025-02-16,USD/INR,82.90787224580804
2025-02-17,USD/INR,83.21142444524378
2025-02-18,USD/INR,83.0687236579137
2025-02-19,USD/INR,82.64739196892745
2025-02-20,USD/INR,83.06481679387896
2025-02-21,USD/INR,82.92298354391674
2025-02-22,USD/INR,82.8646155999388
2025-02-23,USD/INR,83.12233525776817
2025-02-24,USD/INR,83.20619990449919
2025-02-25,USD/INR,83.18625602382323
2025-02-26,USD/INR,82.83215649535548
2025-02-27,USD/INR,82.93815752482976
2025-02-28,USD/INR,83.06625268628072
2025-03-01,USD/INR,83.19510902542447
2025-03-02,USD/INR,82.90416515243095
2025-03-03,USD/INR,82.96286820466723
2025-03-04,USD/INR,82.77873300519879
2025-03-05,USD/INR,82.76075867518387
2025-03-06,USD/INR,83.16250516447884
2025-03-07,USD/INR,83.27124800571417
2025-03-08,USD/INR,82.98559797568393
2025-03-09,USD/INR,83.20070657957841
2025-03-10,USD/INR,83.07232720500953
2025-03-11,USD/INR,82.87097604907898
2025-03-12,USD/INR,83.07227912110169
2025-03-13,USD/INR,83.30760731329319
2025-03-14,USD/INR,82.99283479217802
2025-03-15,USD/INR,83.3129287311628
2025-03-16,USD/INR,82.47605097918205
2025-03-17,USD/INR,83.16438050087504
2025-03-18,USD/INR,83.01740941364764
2025-03-19,USD/INR,82.94019852990682
2025-03-20,USD/INR,83.0183521553071
2025-03-21,USD/INR,82.60248621707981
2025-03-22,USD/INR,82.9560656224325
2025-03-23,USD/INR,83.07142251430236
2025-03-24,USD/INR,83.2955788089483
2025-03-25,USD/INR,82.89634595634527
2025-03-26,USD/INR,82.83830127942136
2025-03-27,USD/INR,82.8996485912831
2025-03-28,USD/INR,83.18308042354042
2025-03-29,USD/INR,83.06575022193194
2025-03-30,USD/INR,82.89404795924659
2025-03-31,USD/INR,83.10265348662267
2025-04-01,USD/INR,83.0194155098696
2025-04-02,USD/INR,83.19372899810658
2025-04-03,USD/INR,82.85958938122452
2025-04-04,USD/INR,82.93446757068044
2025-04-05,USD/INR,82.92157836937356
2025-04-06,USD/INR,82.70729701037358
2025-04-07,USD/INR,83.05922405541291
2025-04-08,USD/INR,83.05221105443597
2025-04-09,USD/INR,83.00102269132849
2025-04-10,USD/INR,82.95308257332498
2025-04-11,USD/INR,82.71692585158992
2025-04-12,USD/INR,82.91587093544693
2025-04-13,USD/INR,82.93145709669464
2025-04-14,USD/INR,82.83954454615568
2025-04-15,USD/INR,82.96774285766679
2025-04-16,USD/INR,83.08081017136291
2025-04-17,USD/INR,83.3772371802421
2025-04-18,USD/INR,83.03491556256637
2025-04-19,USD/INR,83.05151007814456
2025-04-20,USD/INR,82.98511081684677
2025-04-21,USD/INR,82.61624575694019
2025-04-22,USD/INR,82.99469722491015
2025-04-23,USD/INR,83.0120460419882
2025-04-24,USD/INR,83.49264842249706
2025-04-25,USD/INR,82.96152780704378
2025-04-26,USD/INR,83.06030946846673
2025-04-27,USD/INR,82.99305764605896
2025-04-28,USD/INR,82.76626439247609
2025-04-29,USD/INR,83.228564562903
2025-04-30,USD/INR,83.15038660653735
2025-05-01,USD/INR,83.1582063894086
2025-05-02,USD/INR,82.81812250904105
2025-05-03,USD/INR,83.28055886218722
2025-05-04,USD/INR,82.71962978744155
2025-05-05,USD/INR,83.11737141876006
2025-05-06,USD/INR,83.43809112516199
2025-05-07,USD/INR,82.80189273497386
2025-05-08,USD/INR,82.88674045407944
2025-05-09,USD/INR,83.01993027301752
2025-05-10,USD/INR,82.89930486917676
2025-05-11,USD/INR,82.68986731378678
2025-05-12,USD/INR,83.0137125949612
2025-05-13,USD/INR,82.78753925725478
2025-05-14,USD/INR,83.09471848612704
2025-05-15,USD/INR,82.81611515315323
2025-05-16,USD/INR,83.30998688100351
2025-05-17,USD/INR,82.84334934153276
2025-05-18,USD/INR,82.93558769675886
2025-05-19,USD/INR,83.16270344347393
2025-05-20,USD/INR,82.75382713671321
2025-05-21,USD/INR,83.04549198692082
2025-05-22,USD/INR,83.26142855085648
2025-05-23,USD/INR,82.67850335308775
2025-05-24,USD/INR,83.03692677170646
2025-05-25,USD/INR,83.05197655884969
2025-05-26,USD/INR,83.15636457435546
2025-05-27,USD/INR,82.75260985782438
2025-05-28,USD/INR,82.73590867738315
2025-05-29,USD/INR,83.10438831312338
2025-05-30,USD/INR,83.05939693464664
2025-05-31,USD/INR,83.05009857006918
2025-06-01,USD/INR,83.06928964189939
2025-06-02,USD/INR,82.8639950556843
2025-06-03,USD/INR,83.0464507394322
2025-06-04,USD/INR,83.05861449465974
2025-06-05,USD/INR,82.85712971639472
2025-06-06,USD/INR,83.37315490222895
2025-06-07,USD/INR,83.09476658418235
2025-06-08,USD/INR,82.76173930055947
2025-06-09,USD/INR,83.13131072172676
2025-06-10,USD/INR,82.80506366595453
2025-06-11,USD/INR,83.15741692074849
2025-06-12,USD/INR,83.23171911580148
2025-06-13,USD/INR,82.83586353632965
2025-06-14,USD/INR,83.19267522584886
2025-06-15,USD/INR,83.0825561853873
2025-06-16,USD/INR,83.16441203199889
2025-06-17,USD/INR,83.37935859653079
2025-06-18,USD/INR,82.95092237679943
2025-06-19,USD/INR,82.8492527671285
2025-06-20,USD/INR,82.8220971140749
2025-06-21,USD/INR,82.83683794300691
2025-06-22,USD/INR,82.98457965811718
2025-06-23,USD/INR,83.06823039496332
2025-06-24,USD/INR,83.055338159866
2025-06-25,USD/INR,83.1654366498072
2025-06-26,USD/INR,83.00260037837558
2025-06-27,USD/INR,83.29070681543146
2025-06-28,USD/INR,82.94706863335242
2025-06-29,USD/INR,83.54403383331793
2025-06-30,USD/INR,83.125133469553
2025-07-01,USD/INR,82.82856848871674
2025-07-02,USD/INR,82.78582150038778
2025-07-03,USD/INR,83.09649448304863
2025-07-04,USD/INR,82.95530744293482
2025-07-05,USD/INR,83.14280009881841
2025-07-06,USD/INR,83.0946475249147
2025-07-07,USD/INR,82.98543421746862
2025-07-08,USD/INR,82.83064125638631
2025-07-09,USD/INR,82.69703055506282
2025-07-10,USD/INR,82.9106970095866
2025-07-11,USD/INR,83.1712797588647
2025-07-12,USD/INR,83.04281874882604
2025-07-13,USD/INR,82.7508522442576
2025-07-14,USD/INR,83.03463618517024
2025-07-15,USD/INR,83.07706347594576
2025-07-16,USD/INR,82.82322851275977
2025-07-17,USD/INR,83.0307450211891
2025-07-18,USD/INR,83.0116417436892
2025-07-19,USD/INR,82.77140594043388
2025-07-20,USD/INR,83.07155747206966
2025-07-21,USD/INR,83.11215690527365
2025-07-22,USD/INR,83.21661024863505
2025-07-23,USD/INR,83.21076041040698
2025-07-24,USD/INR,82.72446612640859
2025-07-25,USD/INR,82.81243499201697
2025-07-26,USD/INR,83.10300705344173
2025-07-27,USD/INR,83.10275719018244
2025-07-28,USD/INR,83.10300953726122
2025-07-29,USD/INR,83.77054629813094
2025-07-30,USD/INR,83.11417810213864
2025-07-31,USD/INR,83.22711312803612
2025-08-01,USD/INR,83.19080035269864
2025-08-02,USD/INR,83.13027825026116
2025-08-03,USD/INR,82.93694615107194
2025-08-04,USD/INR,83.15179384409865
2025-08-05,USD/INR,82.84543495709248
2025-08-06,USD/INR,82.952636278652
2025-08-07,USD/INR,82.90292729043418
2025-08-08,USD/INR,83.01637482787727
2025-08-09,USD/INR,83.4629317133347
2025-08-10,USD/INR,82.62654696148165
2025-08-11,USD/INR,83.1372520380749
2025-08-12,USD/INR,82.67745682576206
2025-08-13,USD/INR,82.90561362684211
2025-08-14,USD/INR,83.21779011939347
2025-08-15,USD/INR,83.0128560038191
2025-08-16,USD/INR,82.78445104441414
2025-08-17,USD/INR,82.856939258148
2025-08-18,USD/INR,83.13591954978693
2025-08-19,USD/INR,82.85392667365657
2025-08-20,USD/INR,83.04329171791639
2025-08-21,USD/INR,83.00911436798076
2025-08-22,USD/INR,82.86967993047884
2025-08-23,USD/INR,83.42878881786507
2025-08-24,USD/INR,83.1267838044636
2025-08-25,USD/INR,82.59497148266848
2025-08-26,USD/INR,83.03729086295388
2025-08-27,USD/INR,82.86764270704633
2025-08-28,USD/INR,83.17048666695925
2025-08-29,USD/INR,82.84149585231346
2025-08-30,USD/INR,82.97705271170662
2025-08-31,USD/INR,83.10099745579609
2025-09-01,USD/INR,83.17315103883402
2025-09-02,USD/INR,82.75994071858885
2025-09-03,USD/INR,82.93309975283181
2025-09-04,USD/INR,82.90501093776781
2025-09-05,USD/INR,82.86933415348526
2025-09-06,USD/INR,83.35309084805623
2025-09-07,USD/INR,83.0809963421922
2025-09-08,USD/INR,82.74782320913299
2025-09-09,USD/INR,83.18357238941095
2025-09-10,USD/INR,83.42443123940252
2025-09-11,USD/INR,83.20649305211023
2025-09-12,USD/INR,82.6961260068092
2025-09-13,USD/INR,82.90315318542675
2025-09-14,USD/INR,83.25338222983733
2025-09-15,USD/INR,82.85846610687625
2025-09-16,USD/INR,83.08876388562925
2025-09-17,USD/INR,83.15492681068586
2025-09-18,USD/INR,82.81461390568438
2025-09-19,USD/INR,82.98809492878765
2025-09-20,USD/INR,82.35174653198618
2025-09-21,USD/INR,82.79512247173314
2025-09-22,USD/INR,82.94948636972137
2025-09-23,USD/INR,82.75044336360703
2025-09-24,USD/INR,83.32648226078632
2025-09-25,USD/INR,82.71397172440787
2025-09-26,USD/INR,82.91199110266061
2025-09-27,USD/INR,83.02614811545722
2025-09-28,USD/INR,83.28825465781323
2025-09-29,USD/INR,82.71282756976412
2025-09-30,USD/INR,83.232632750431
2025-10-01,USD/INR,83.00204661220391
2025-10-02,USD/INR,82.80369826979042
2025-10-03,USD/INR,83.09242069485265
2025-10-04,USD/INR,83.0398119391147
2025-10-05,USD/INR,82.87995662456824
2025-10-06,USD/INR,83.013960416998
2025-10-07,USD/INR,82.92293728062765
2025-10-08,USD/INR,83.02270346905026
2025-10-09,USD/INR,83.13242613490421
2025-10-10,USD/INR,83.31720336322907
2025-10-11,USD/INR,82.75243690023463
2025-10-12,USD/INR,83.42660667493125
2025-10-13,USD/INR,82.6095824400955
2025-10-14,USD/INR,82.96964298099289
2025-10-15,USD/INR,83.11766344129691
2025-10-16,USD/INR,83.056198373547
2025-10-17,USD/INR,82.87546009603588
2025-10-18,USD/INR,82.95837554992855
2025-10-19,USD/INR,82.90139981306824
2025-10-20,USD/INR,82.88212704861115
2025-10-21,USD/INR,83.1699204194042
2025-10-22,USD/INR,83.07140309719301
2025-10-23,USD/INR,82.86141808094787
2025-10-24,USD/INR,83.17991997508665
2025-10-25,USD/INR,83.06145990417532
2025-10-26,USD/INR,83.1625724237678
2025-10-27,USD/INR,83.12592576838472
2025-10-28,USD/INR,82.83420099781559
2025-10-29,USD/INR,82.8879637919606
2025-10-30,USD/INR,83.14945872102466
2025-10-31,USD/INR,83.12207405308669
2025-11-01,USD/INR,82.99581968120717
2025-11-02,USD/INR,83.02346547666176
2025-11-03,USD/INR,83.25553297915768
2025-11-04,USD/INR,82.88168572223283
2025-11-05,USD/INR,83.10941947623401
2025-11-06,USD/INR,82.95956146951322
2025-11-07,USD/INR,82.95646375935456
2025-11-08,USD/INR,83.21975537039744
2025-11-09,USD/INR,83.1650832697976
2025-11-10,USD/INR,83.16270192720013
2025-11-11,USD/INR,83.26109576143087
2025-11-12,USD/INR,83.00420076832656
2025-11-13,USD/INR,83.136390594259
2025-11-14,USD/INR,82.9379466486813
2025-11-15,USD/INR,83.06483327049769
2025-11-16,USD/INR,82.97397138912646
2025-11-17,USD/INR,83.01939919299855
2025-11-18,USD/INR,83.11903140508738
2025-11-19,USD/INR,82.8363558633533
2025-11-20,USD/INR,83.4184774551371
2025-11-21,USD/INR,82.79879652370006
2025-11-22,USD/INR,82.75716227744245
2025-11-23,USD/INR,83.23162217470001
2025-11-24,USD/INR,83.15833253879259
2025-11-25,USD/INR,83.12482396341044
2025-11-26,USD/INR,83.12566910185285
2025-11-27,USD/INR,82.99755064543062
2025-11-28,USD/INR,82.82054912570284
2025-11-29,USD/INR,83.01516091163874
2025-11-30,USD/INR,82.86456765769758
2025-12-01,USD/INR,83.19502394668355
2025-12-02,USD/INR,82.97058852369958
2025-12-03,USD/INR,82.8349005606415
2025-12-04,USD/INR,82.9357228316694
2025-12-05,USD/INR,83.08258629085512
2025-12-06,USD/INR,82.88725508943921
2025-12-07,USD/INR,82.83555592088672
2025-12-08,USD/INR,83.04873744229839
2025-12-09,USD/INR,83.04899331422175
2025-12-10,USD/INR,82.89861136492577
2025-12-11,USD/INR,82.90579233887634
2025-12-12,USD/INR,83.04640998747152
2025-12-13,USD/INR,82.71038313170054
2025-12-14,USD/INR,82.71850724512468
2025-12-15,USD/INR,82.85631115574951
2025-12-16,USD/INR,82.95731056965764
2025-12-17,USD/INR,83.0621815131196
2025-12-18,USD/INR,83.29507124338991
2025-12-19,USD/INR,83.1715319246404
2025-12-20,USD/INR,82.96801229400731
2025-12-21,USD/INR,82.99619675841946
2025-12-22,USD/INR,82.79949412707244
2025-12-23,USD/INR,82.99629737280152
2025-12-24,USD/INR,82.94226827221597
2025-12-25,USD/INR,83.06454371206762
2025-12-26,USD/INR,82.83455381128954
2025-12-27,USD/INR,83.10386930284824
2025-12-28,USD/INR,83.30654778260052
2025-12-29,USD/INR,82.97824797030863
2025-12-30,USD/INR,83.08034234441979
2025-12-31,USD/INR,83.13802879834222
2025-01-01,USD/MXN,17.419755905622832
2025-01-02,USD/MXN,17.544818496362083
2025-01-03,USD/MXN,17.502518480156358
2025-01-04,USD/MXN,17.519535219709766
2025-01-05,USD/MXN,17.345398043228908
2025-01-06,USD/MXN,17.50490203485179
2025-01-07,USD/MXN,17.59959965824909
2025-01-08,USD/MXN,17.790228721559007
2025-01-09,USD/MXN,17.69185416521704
2025-01-10,USD/MXN,17.930636491502312
2025-01-11,USD/MXN,17.346530487422392
2025-01-12,USD/MXN,17.674464127344137
2025-01-13,USD/MXN,17.536668401147672
2025-01-14,USD/MXN,17.937960586643534
2025-01-15,USD/MXN,17.33834034292897
2025-01-16,USD/MXN,17.332055631563843
2025-01-17,USD/MXN,17.380121470911195
2025-01-18,USD/MXN,17.07522085513804
2025-01-19,USD/MXN,17.394848995663846
2025-01-20,USD/MXN,17.34817346768926
2025-01-21,USD/MXN,17.530078757295243
2025-01-22,USD/MXN,17.568351195155433
2025-01-23,USD/MXN,17.87523416784318
2025-01-24,USD/MXN,17.69008476763721
2025-01-25,USD/MXN,17.38461926886752
2025-01-26,USD/MXN,17.32031706573033
2025-01-27,USD/MXN,17.598383834301302
2025-01-28,USD/MXN,17.23595335859587
2025-01-29,USD/MXN,17.86629175317087
2025-01-30,USD/MXN,17.73588802414426
2025-01-31,USD/MXN,17.406164869579058
2025-02-01,USD/MXN,17.157373094181825
2025-02-02,USD/MXN,17.770774474833082
2025-02-03,USD/MXN,17.477092030949475
2025-02-04,USD/MXN,17.747563262394692
2025-02-05,USD/MXN,17.181114468241127
2025-02-06,USD/MXN,17.380124995409247
2025-02-07,USD/MXN,17.501048739943638
2025-02-08,USD/MXN,17.50939611875295
2025-02-09,USD/MXN,17.40998690570415
2025-02-10,USD/MXN,17.6245699864695
2025-02-11,USD/MXN,17.286475914123482
2025-02-12,USD/MXN,17.47152410299574
2025-02-13,USD/MXN,17.52405912634238
2025-02-14,USD/MXN,17.60288776681175
2025-02-15,USD/MXN,17.642322975617777
2025-02-16,USD/MXN,17.275071581632425
2025-02-17,USD/MXN,17.193177165852877
2025-02-18,USD/MXN,17.755535364379703
2025-02-19,USD/MXN,17.566462802395918
2025-02-20,USD/MXN,17.35030269268869
2025-02-21,USD/MXN,17.810230395104504
2025-02-22,USD/MXN,17.52313492685857
2025-02-23,USD/MXN,17.735859436812767
2025-02-24,USD/MXN,17.513503696282022
2025-02-25,USD/MXN,17.912149584976397
2025-02-26,USD/MXN,17.85106816848864
2025-02-27,USD/MXN,17.450207170304186
2025-02-28,USD/MXN,17.69431419019087
2025-03-01,USD/MXN,17.629075189917028
2025-03-02,USD/MXN,17.77372631150647
2025-03-03,USD/MXN,17.30701530788398
2025-03-04,USD/MXN,17.637210291999686
2025-03-05,USD/MXN,17.711684897369917
2025-03-06,USD/MXN,17.14825210271538
2025-03-07,USD/MXN,17.263348297466845
2025-03-08,USD/MXN,17.09215356444798
2025-03-09,USD/MXN,17.446118633111087
2025-03-10,USD/MXN,17.643508451159192
2025-03-11,USD/MXN,17.800471410419206
2025-03-12,USD/MXN,17.514818956083953
2025-03-13,USD/MXN,17.825723109114257
2025-03-14,USD/MXN,17.22397970835702
2025-03-15,USD/MXN,17.159323512128967
2025-03-16,USD/MXN,17.488890460220677
2025-03-17,USD/MXN,17.576813089787862
2025-03-18,USD/MXN,17.493461050381182
2025-03-19,USD/MXN,17.086511579992024
2025-03-20,USD/MXN,17.482175992097442
2025-03-21,USD/MXN,17.23910609989903
2025-03-22,USD/MXN,17.633934509766007
2025-03-23,USD/MXN,17.57331964921937
2025-03-24,USD/MXN,17.312024042734528
2025-03-25,USD/MXN,17.397226616532663
2025-03-26,USD/MXN,17.28815729562221
2025-03-27,USD/MXN,17.487464180545366
2025-03-28,USD/MXN,17.69102846410025
2025-03-29,USD/MXN,17.30285479073289
2025-03-30,USD/MXN,17.60080930310357
2025-03-31,USD/MXN,17.393948476325512
2025-04-01,USD/MXN,17.34142543354753
2025-04-02,USD/MXN,17.47859392800909
2025-04-03,USD/MXN,17.292951535516124
2025-04-04,USD/MXN,17.389270138930563
2025-04-05,USD/MXN,17.26042442148223
2025-04-06,USD/MXN,17.892945026583277
2025-04-07,USD/MXN,17.507052710394344
2025-04-08,USD/MXN,17.360054898401483
2025-04-09,USD/MXN,17.542795982146846
2025-04-10,USD/MXN,17.477534390061834
2025-04-11,USD/MXN,17.455806080093357
2025-04-12,USD/MXN,17.622833340008686
2025-04-13,USD/MXN,17.651501542009463
2025-04-14,USD/MXN,17.393899770477894
2025-04-15,USD/MXN,17.384836351871066
2025-04-16,USD/MXN,17.44498966056967
2025-04-17,USD/MXN,17.039615767052883
2025-04-18,USD/MXN,17.19696178756029
2025-04-19,USD/MXN,17.773374853488907
2025-04-20,USD/MXN,17.828993542700257
2025-04-21,USD/MXN,17.450192792088725
2025-04-22,USD/MXN,17.615311392611154
2025-04-23,USD/MXN,17.562250030908707
2025-04-24,USD/MXN,18.11577616169105
2025-04-25,USD/MXN,17.723914982286914
2025-04-26,USD/MXN,17.474416481703848
2025-04-27,USD/MXN,17.308891911879915
2025-04-28,USD/MXN,17.178710735948485
2025-04-29,USD/MXN,17.540692727173443
2025-04-30,USD/MXN,17.34872985094314
2025-05-01,USD/MXN,17.215549258080465
2025-05-02,USD/MXN,17.370685423151496
2025-05-03,USD/MXN,17.28369039927712
2025-05-04,USD/MXN,17.837428327014514
2025-05-05,USD/MXN,17.67632795138989
2025-05-06,USD/MXN,17.498405471736678
2025-05-07,USD/MXN,17.795988827778004
2025-05-08,USD/MXN,17.515473661529523
2025-05-09,USD/MXN,17.327743159734347
2025-05-10,USD/MXN,17.80462481545393
2025-05-11,USD/MXN,17.607782008736933
2025-05-12,USD/MXN,17.29255076913471
2025-05-13,USD/MXN,17.46193226438328
2025-05-14,USD/MXN,17.32487634932305
2025-05-15,USD/MXN,17.22344005380713
2025-05-16,USD/MXN,17.685235509506327
2025-05-17,USD/MXN,17.881883328094027
2025-05-18,USD/MXN,17.220286485236173
2025-05-19,USD/MXN,17.612593847338115
2025-05-20,USD/MXN,17.369871486175633
2025-05-21,USD/MXN,17.402574923247062
2025-05-22,USD/MXN,17.381521215152226
2025-05-23,USD/MXN,17.327201846064035
2025-05-24,USD/MXN,17.509704325588967
2025-05-25,USD/MXN,17.33380997671779
2025-05-26,USD/MXN,17.55409136515597
2025-05-27,USD/MXN,17.48995237811017
2025-05-28,USD/MXN,17.452210390626718
2025-05-29,USD/MXN,17.31848726759168
2025-05-30,USD/MXN,17.384645733886334
2025-05-31,USD/MXN,17.651078245165152
2025-06-01,USD/MXN,17.600183437524876
2025-06-02,USD/MXN,17.30448895104029
2025-06-03,USD/MXN,17.519866461085844
2025-06-04,USD/MXN,17.650277424674357
2025-06-05,USD/MXN,17.166118943775725
2025-06-06,USD/MXN,17.608672038475987
2025-06-07,USD/MXN,17.36747524821083
2025-06-08,USD/MXN,17.61411973371863
2025-06-09,USD/MXN,17.347348168691497
2025-06-10,USD/MXN,17.139023579867096
2025-06-11,USD/MXN,17.174491512423366
2025-06-12,USD/MXN,17.509616989332276
2025-06-13,USD/MXN,17.551944500344295
2025-06-14,USD/MXN,17.31913667497912
2025-06-15,USD/MXN,17.627718491755473
2025-06-16,USD/MXN,17.167695987546207
2025-06-17,USD/MXN,17.486784040270535
2025-06-18,USD/MXN,17.25779676004751
2025-06-19,USD/MXN,17.36963277843957
2025-06-20,USD/MXN,17.509479734263284
2025-06-21,USD/MXN,17.327917326943208
2025-06-22,USD/MXN,17.423088891154034
2025-06-23,USD/MXN,17.701258561842888
2025-06-24,USD/MXN,17.38462162609537
2025-06-25,USD/MXN,17.66713842241303
2025-06-26,USD/MXN,17.274058629068477
2025-06-27,USD/MXN,17.605960835583055
2025-06-28,USD/MXN,17.78831372413158
2025-06-29,USD/MXN,17.005671099974542
2025-06-30,USD/MXN,17.340620948905904
2025-07-01,USD/MXN,17.615414425436107
2025-07-02,USD/MXN,17.4593909227914
2025-07-03,USD/MXN,17.57422917467426
2025-07-04,USD/MXN,17.379202962656837
2025-07-05,USD/MXN,17.51731795749458
2025-07-06,USD/MXN,17.468864552921584
2025-07-07,USD/MXN,17.73355641233196
2025-07-08,USD/MXN,17.550884168660243
2025-07-09,USD/MXN,17.567520532415042
2025-07-10,USD/MXN,17.417624606775508
2025-07-11,USD/MXN,17.402478755185502
2025-07-12,USD/MXN,17.413488362436077
2025-07-13,USD/MXN,17.57889042847566
2025-07-14,USD/MXN,17.415803103835948
2025-07-15,USD/MXN,17.55795497137928
2025-07-16,USD/MXN,17.915080159729087
2025-07-17,USD/MXN,17.67422494068634
2025-07-18,USD/MXN,17.43479529356643
2025-07-19,USD/MXN,17.740242784432787
2025-07-20,USD/MXN,17.41838492539569
2025-07-21,USD/MXN,17.092375092964428
2025-07-22,USD/MXN,17.29838273781652
2025-07-23,USD/MXN,17.12584161579483
2025-07-24,USD/MXN,17.429697303191737
2025-07-25,USD/MXN,17.50368367583791
2025-07-26,USD/MXN,17.835287462455057
2025-07-27,USD/MXN,17.565385474752834
2025-07-28,USD/MXN,17.45617989423823
2025-07-29,USD/MXN,17.665881116236697
2025-07-30,USD/MXN,17.057772938198422
2025-07-31,USD/MXN,17.547122911621713
2025-08-01,USD/MXN,17.654173038777394
2025-08-02,USD/MXN,17.204282750844033
2025-08-03,USD/MXN,17.728750808641387
2025-08-04,USD/MXN,17.567699281498882
2025-08-05,USD/MXN,17.41694241721984
2025-08-06,USD/MXN,17.626556373221256
2025-08-07,USD/MXN,17.95413857156088
2025-08-08,USD/MXN,17.5363732510117
2025-08-09,USD/MXN,17.549644117260065
2025-08-10,USD/MXN,17.408127820091952
2025-08-11,USD/MXN,17.33003112610704
2025-08-12,USD/MXN,17.66606716330885
2025-08-13,USD/MXN,17.328783234818225
2025-08-14,USD/MXN,17.51431324744388
2025-08-15,USD/MXN,17.404468510646975
2025-08-16,USD/MXN,17.59579596514928
2025-08-17,USD/MXN,17.566732421057388
2025-08-18,USD/MXN,17.70750798885158
2025-08-19,USD/MXN,17.39799672022905
2025-08-20,USD/MXN,17.446025012941327
2025-08-21,USD/MXN,17.30424725684354
2025-08-22,USD/MXN,17.411141347984778
2025-08-23,USD/MXN,17.57546009860897
2025-08-24,USD/MXN,17.65139772332907
2025-08-25,USD/MXN,17.315566935164476
2025-08-26,USD/MXN,17.673921184021133
2025-08-27,USD/MXN,17.77112757176099
2025-08-28,USD/MXN,17.58268698064474
2025-08-29,USD/MXN,17.875359162511614
2025-08-30,USD/MXN,17.345242160179286
2025-08-31,USD/MXN,17.251069059337716
2025-09-01,USD/MXN,17.144255950219144
2025-09-02,USD/MXN,17.799208862297835
2025-09-03,USD/MXN,17.63087313127081
2025-09-04,USD/MXN,17.48888306581791
2025-09-05,USD/MXN,17.555993725263964
2025-09-06,USD/MXN,17.274902190540324
2025-09-07,USD/MXN,17.989150395923364
2025-09-08,USD/MXN,17.525844236395045
2025-09-09,USD/MXN,17.52187895892098
2025-09-10,USD/MXN,17.645153324779738
2025-09-11,USD/MXN,17.59620184634734
2025-09-12,USD/MXN,17.544776804855825
2025-09-13,USD/MXN,17.341905108910936
2025-09-14,USD/MXN,17.5942936714272
2025-09-15,USD/MXN,17.876404899295007
2025-09-16,USD/MXN,17.769084009230994
2025-09-17,USD/MXN,17.81863732532788
2025-09-18,USD/MXN,17.397756864713763
2025-09-19,USD/MXN,17.302079035948285
2025-09-20,USD/MXN,17.47484261598007
2025-09-21,USD/MXN,17.51114498245774
2025-09-22,USD/MXN,17.71883830369419
2025-09-23,USD/MXN,17.161507074057035
2025-09-24,USD/MXN,17.805910063892124
2025-09-25,USD/MXN,17.468398420284203
2025-09-26,USD/MXN,17.414623786010516
2025-09-27,USD/MXN,17.297579124947966
2025-09-28,USD/MXN,17.169028665626847
2025-09-29,USD/MXN,17.66463411679238
2025-09-30,USD/MXN,17.51466359343768
2025-10-01,USD/MXN,17.24200782005179
2025-10-02,USD/MXN,17.240984245587278
2025-10-03,USD/MXN,17.432843060141973
2025-10-04,USD/MXN,17.83380430505788
2025-10-05,USD/MXN,17.448081729727278
2025-10-06,USD/MXN,17.19937140937638
2025-10-07,USD/MXN,17.450851387182812
2025-10-08,USD/MXN,17.445455286050464
2025-10-09,USD/MXN,16.960622671411684
2025-10-10,USD/MXN,17.489141026696437
2025-10-11,USD/MXN,17.453813093958264
2025-10-12,USD/MXN,17.639241272962682
2025-10-13,USD/MXN,17.869791218989068
2025-10-14,USD/MXN,17.725313005909552
2025-10-15,USD/MXN,17.446222261889034
2025-10-16,USD/MXN,17.278694818251665
2025-10-17,USD/MXN,18.014671960649974
2025-10-18,USD/MXN,17.511843686802898
2025-10-19,USD/MXN,17.502785858382587
2025-10-20,USD/MXN,17.495174982578
2025-10-21,USD/MXN,17.539616952153573
2025-10-22,USD/MXN,17.471127917615213
2025-10-23,USD/MXN,17.38526759862395
2025-10-24,USD/MXN,17.39062821175192
2025-10-25,USD/MXN,17.4934493459568
2025-10-26,USD/MXN,17.391315045773247
2025-10-27,USD/MXN,17.357430843464567
2025-10-28,USD/MXN,17.52128604553838
2025-10-29,USD/MXN,17.449004556515828
2025-10-30,USD/MXN,17.800798597716536
2025-10-31,USD/MXN,16.969806038321398
2025-11-01,USD/MXN,17.71830137038449
2025-11-02,USD/MXN,17.749217038499527
2025-11-03,USD/MXN,17.08532195351837
2025-11-04,USD/MXN,17.43146248118393
2025-11-05,USD/MXN,17.425711826800843
2025-11-06,USD/MXN,17.218497661056436
2025-11-07,USD/MXN,17.344436662481826
2025-11-08,USD/MXN,17.277884830906835
2025-11-09,USD/MXN,17.850454088684724
2025-11-10,USD/MXN,17.68713567862949
2025-11-11,USD/MXN,17.75431101899883
2025-11-12,USD/MXN,17.644334412808647
2025-11-13,USD/MXN,17.274189645756554
2025-11-14,USD/MXN,17.395095946744046
2025-11-15,USD/MXN,17.597874912245583
2025-11-16,USD/MXN,17.25557443822161
2025-11-17,USD/MXN,17.642599686034476
2025-11-18,USD/MXN,17.451934920368373
2025-11-19,USD/MXN,17.425035838490082
2025-11-20,USD/MXN,17.642191993640697
2025-11-21,USD/MXN,17.588852662297207
2025-11-22,USD/MXN,17.427806766836184
2025-11-23,USD/MXN,17.73186596067285
2025-11-24,USD/MXN,17.28378733448002
2025-11-25,USD/MXN,17.623187121388852
2025-11-26,USD/MXN,17.618620251593676
2025-11-27,USD/MXN,17.438090712137203
2025-11-28,USD/MXN,17.565226604448423
2025-11-29,USD/MXN,17.24977728472294
2025-11-30,USD/MXN,17.68480540384138
2025-12-01,USD/MXN,17.463019572711403
2025-12-02,USD/MXN,17.395455395896192
2025-12-03,USD/MXN,17.709801845167377
2025-12-04,USD/MXN,17.35913126189145
2025-12-05,USD/MXN,17.218307740727287
2025-12-06,USD/MXN,17.188674165295218
2025-12-07,USD/MXN,17.621201990269128
2025-12-08,USD/MXN,17.243914129500745
2025-12-09,USD/MXN,17.850958836396874
2025-12-10,USD/MXN,17.083614118423256
2025-12-11,USD/MXN,17.83929127365801
2025-12-12,USD/MXN,17.542203493440525
2025-12-13,USD/MXN,17.48065737762592
2025-12-14,USD/MXN,17.39101618263821
2025-12-15,USD/MXN,17.579827222870414
2025-12-16,USD/MXN,17.49247305951503
2025-12-17,USD/MXN,17.720660376403305
2025-12-18,USD/MXN,17.522845529732407
2025-12-19,USD/MXN,17.530060352292377
2025-12-20,USD/MXN,17.42727755755723
2025-12-21,USD/MXN,17.488610875255787
2025-12-22,USD/MXN,17.56156035377841
2025-12-23,USD/MXN,17.157966321468674
2025-12-24,USD/MXN,17.23036291557886
2025-12-25,USD/MXN,17.648652818804543
2025-12-26,USD/MXN,17.53417308762559
2025-12-27,USD/MXN,17.463203332729464
2025-12-28,USD/MXN,17.503686786613077
2025-12-29,USD/MXN,17.569516341072333
2025-12-30,USD/MXN,17.392048063938127
2025-12-31,USD/MXN,17.344339054919537
2025-01-01,USD/PHP,56.039169051019535
2025-01-02,USD/PHP,55.804325444476994
2025-01-03,USD/PHP,56.08165055114289
2025-01-04,USD/PHP,55.65948327915243
2025-01-05,USD/PHP,56.20583112746513
2025-01-06,USD/PHP,56.09451949648261
2025-01-07,USD/PHP,56.05120594686277
2025-01-08,USD/PHP,56.196538196789106
2025-01-09,USD/PHP,56.33309488889252
2025-01-10,USD/PHP,56.20287401300362
2025-01-11,USD/PHP,55.63182515373367
2025-01-12,USD/PHP,55.74408460665286
2025-01-13,USD/PHP,55.87503628446086
2025-01-14,USD/PHP,56.005218210042166
2025-01-15,USD/PHP,56.10353180409383
2025-01-16,USD/PHP,55.85485123736931
2025-01-17,USD/PHP,56.037353352895416
2025-01-18,USD/PHP,55.848923413529334
2025-01-19,USD/PHP,55.87769643940161
2025-01-20,USD/PHP,55.718667780630355
2025-01-21,USD/PHP,55.81535335077782
2025-01-22,USD/PHP,55.72966307887673
2025-01-23,USD/PHP,55.80482534940453
2025-01-24,USD/PHP,56.21072835932157
2025-01-25,USD/PHP,55.810120222233614
2025-01-26,USD/PHP,56.526476412967476
2025-01-27,USD/PHP,56.09866358017618
2025-01-28,USD/PHP,56.03696722473897
2025-01-29,USD/PHP,55.828328443963755
2025-01-30,USD/PHP,56.1400619758818
2025-01-31,USD/PHP,55.884872434752445
2025-02-01,USD/PHP,56.02440196292907
2025-02-02,USD/PHP,56.51201690765376
2025-02-03,USD/PHP,55.98078802005507
2025-02-04,USD/PHP,56.229854665257136
2025-02-05,USD/PHP,55.859364714974824
2025-02-06,USD/PHP,55.99300230190061
2025-02-07,USD/PHP,56.3541601271271
2025-02-08,USD/PHP,55.87460658844245
2025-02-09,USD/PHP,56.36248971159939
2025-02-10,USD/PHP,56.141550387091094
2025-02-11,USD/PHP,55.887506644821144
2025-02-12,USD/PHP,56.1264815478111
2025-02-13,USD/PHP,56.19451088992535
2025-02-14,USD/PHP,56.12436199244344
2025-02-15,USD/PHP,55.68595505602191
2025-02-16,USD/PHP,55.854572564835024
2025-02-17,USD/PHP,55.9504962728897
2025-02-18,USD/PHP,55.98511331417999
2025-02-19,USD/PHP,56.124134419510135
2025-02-20,USD/PHP,56.03554020018665
2025-02-21,USD/PHP,55.73293112825798
2025-02-22,USD/PHP,56.07603957020119
2025-02-23,USD/PHP,56.12211714905676
2025-02-24,USD/PHP,56.11195808958621
2025-02-25,USD/PHP,56.21615614511092
2025-02-26,USD/PHP,56.16678443090978
2025-02-27,USD/PHP,56.091836015845686
2025-02-28,USD/PHP,55.98596685770827
2025-03-01,USD/PHP,55.667807813296804
2025-03-02,USD/PHP,56.08592364382652
2025-03-03,USD/PHP,56.041537537432625
2025-03-04,USD/PHP,56.05431576743907
2025-03-05,USD/PHP,55.74465028483594
2025-03-06,USD/PHP,55.783788691918346
2025-03-07,USD/PHP,56.21063057066658
2025-03-08,USD/PHP,55.99208896922867
2025-03-09,USD/PHP,56.13630013947453
2025-03-10,USD/PHP,56.005663675226096
2025-03-11,USD/PHP,56.005951227899146
2025-03-12,USD/PHP,56.1876567611952
2025-03-13,USD/PHP,55.89679105435653
2025-03-14,USD/PHP,56.019224155388194
2025-03-15,USD/PHP,55.907544942258994
2025-03-16,USD/PHP,55.913100754513536
2025-03-17,USD/PHP,55.93816557530627
2025-03-18,USD/PHP,56.04442675432674
2025-03-19,USD/PHP,55.9042502756673
2025-03-20,USD/PHP,56.251151225114704
2025-03-21,USD/PHP,55.8210785395561
2025-03-22,USD/PHP,55.96262567116773
2025-03-23,USD/PHP,55.91205378834516
2025-03-24,USD/PHP,56.289395576870746
2025-03-25,USD/PHP,56.03931095530231
2025-03-26,USD/PHP,56.206368907893726
2025-03-27,USD/PHP,55.7028879253926
2025-03-28,USD/PHP,56.05341005317385
2025-03-29,USD/PHP,56.17792615912469
2025-03-30,USD/PHP,56.016456797855085
2025-03-31,USD/PHP,56.21309607501307
2025-04-01,USD/PHP,55.89654230997993
2025-04-02,USD/PHP,56.28186948803712
2025-04-03,USD/PHP,56.45977962472385
2025-04-04,USD/PHP,55.92743228791207
2025-04-05,USD/PHP,55.910899495719846
2025-04-06,USD/PHP,56.29067689542354
2025-04-07,USD/PHP,56.31591442914614
2025-04-08,USD/PHP,55.895427994569346
2025-04-09,USD/PHP,55.91596263658083
2025-04-10,USD/PHP,55.9436430782279
2025-04-11,USD/PHP,55.73110989779315
2025-04-12,USD/PHP,55.81626961070316
2025-04-13,USD/PHP,55.799171846649585
2025-04-14,USD/PHP,55.846440486979176
2025-04-15,USD/PHP,55.99306302252264
2025-04-16,USD/PHP,56.046842946507304
2025-04-17,USD/PHP,56.31010009856281
2025-04-18,USD/PHP,55.80032919185224
2025-04-19,USD/PHP,56.196864479695314
2025-04-20,USD/PHP,55.957202231154895
2025-04-21,USD/PHP,55.990107258069514
2025-04-22,USD/PHP,56.13496389843332
2025-04-23,USD/PHP,55.77545559568754
2025-04-24,USD/PHP,56.07648194923681
2025-04-25,USD/PHP,56.03329044164261
2025-04-26,USD/PHP,56.09849025280163
2025-04-27,USD/PHP,56.05783372878157
2025-04-28,USD/PHP,56.49106002798218
2025-04-29,USD/PHP,55.87245200314974
2025-04-30,USD/PHP,55.89380060899963
2025-05-01,USD/PHP,55.875371894715045
2025-05-02,USD/PHP,55.88890457616795
2025-05-03,USD/PHP,55.8725225745387
2025-05-04,USD/PHP,56.23780330622151
2025-05-05,USD/PHP,56.28410084959797
2025-05-06,USD/PHP,55.8858507412501
2025-05-07,USD/PHP,55.83352888537915
2025-05-08,USD/PHP,56.09428311127728
2025-05-09,USD/PHP,55.88955539114381
2025-05-10,USD/PHP,56.126586363551105
2025-05-11,USD/PHP,56.04058460417026
2025-05-12,USD/PHP,55.69685117700055
2025-05-13,USD/PHP,56.309501040266014
2025-05-14,USD/PHP,56.359175534619105
2025-05-15,USD/PHP,55.87744226190312
2025-05-16,USD/PHP,55.9224596880128
2025-05-17,USD/PHP,56.057173078144984
2025-05-18,USD/PHP,56.066891357997406
2025-05-19,USD/PHP,56.131708854534565
2025-05-20,USD/PHP,56.40204090775327
2025-05-21,USD/PHP,55.96461055450119
2025-05-22,USD/PHP,55.84034055109231
2025-05-23,USD/PHP,55.724136154397094
2025-05-24,USD/PHP,55.85381399201162
2025-05-25,USD/PHP,55.99337460542524
2025-05-26,USD/PHP,56.358911572703555
2025-05-27,USD/PHP,55.896477740192765
2025-05-28,USD/PHP,56.04475759032778
2025-05-29,USD/PHP,55.99671542078545
2025-05-30,USD/PHP,56.23767865468962
2025-05-31,USD/PHP,56.505386485174725
2025-06-01,USD/PHP,55.89382624541594
2025-06-02,USD/PHP,55.90211211149636
2025-06-03,USD/PHP,56.20883217541382
2025-06-04,USD/PHP,56.13637829792526
2025-06-05,USD/PHP,56.36934146514721
2025-06-06,USD/PHP,56.11678563706519
2025-06-07,USD/PHP,55.92814158184259
2025-06-08,USD/PHP,56.11813096613846
2025-06-09,USD/PHP,56.22174071611658
2025-06-10,USD/PHP,56.164096436239475
2025-06-11,USD/PHP,56.10145480622146
2025-06-12,USD/PHP,56.21333493791783
2025-06-13,USD/PHP,56.233859118089136
2025-06-14,USD/PHP,56.276431798207504
2025-06-15,USD/PHP,56.12974197751793
2025-06-16,USD/PHP,55.966576383936626
2025-06-17,USD/PHP,56.02934273728666
2025-06-18,USD/PHP,56.24130179330167
2025-06-19,USD/PHP,55.83661286580255
2025-06-20,USD/PHP,56.07373466177458
2025-06-21,USD/PHP,55.92133223753453
2025-06-22,USD/PHP,56.005748964586964
2025-06-23,USD/PHP,56.25569037252146
2025-06-24,USD/PHP,56.03821981360398
2025-06-25,USD/PHP,56.00928730963123
2025-06-26,USD/PHP,55.72802877180401
2025-06-27,USD/PHP,56.14925071320545
2025-06-28,USD/PHP,56.129096836228214
2025-06-29,USD/PHP,56.43265094466109
2025-06-30,USD/PHP,55.9384443530094
2025-07-01,USD/PHP,56.04383006553279
2025-07-02,USD/PHP,56.04987673674215
2025-07-03,USD/PHP,56.31549065595269
2025-07-04,USD/PHP,55.98094089352261
2025-07-05,USD/PHP,56.05580430515407
2025-07-06,USD/PHP,56.12157930194331
2025-07-07,USD/PHP,56.03732182463127
2025-07-08,USD/PHP,55.9107132770899
2025-07-09,USD/PHP,56.03881799857966
2025-07-10,USD/PHP,56.214726349971954
2025-07-11,USD/PHP,55.79469694011779
2025-07-12,USD/PHP,56.02659393482938
2025-07-13,USD/PHP,55.859975837012165
2025-07-14,USD/PHP,56.23900932578497
2025-07-15,USD/PHP,55.695362619043244
2025-07-16,USD/PHP,55.88821563054568
2025-07-17,USD/PHP,56.075442375012905
2025-07-18,USD/PHP,56.31310480584687
2025-07-19,USD/PHP,55.9868499477854
2025-07-20,USD/PHP,55.88896009466136
2025-07-21,USD/PHP,56.37623141388812
2025-07-22,USD/PHP,55.71039721991675
2025-07-23,USD/PHP,55.56023880867598
2025-07-24,USD/PHP,56.088002890010664
2025-07-25,USD/PHP,55.899589155129476
2025-07-26,USD/PHP,55.795753436573854
2025-07-27,USD/PHP,56.14167128945987
2025-07-28,USD/PHP,56.04876014275424
2025-07-29,USD/PHP,55.887184273852654
2025-07-30,USD/PHP,55.74393912026582
2025-07-31,USD/PHP,56.174491465656025
2025-08-01,USD/PHP,56.130040235591736
2025-08-02,USD/PHP,55.980164827244124
2025-08-03,USD/PHP,56.36932739920953
2025-08-04,USD/PHP,55.78598304673477
2025-08-05,USD/PHP,55.69489496581505
2025-08-06,USD/PHP,55.86161838602375
2025-08-07,USD/PHP,55.9908827967289
2025-08-08,USD/PHP,56.04866788986454
2025-08-09,USD/PHP,55.951752788428735
2025-08-10,USD/PHP,56.07041107930286
2025-08-11,USD/PHP,55.74969211516191
2025-08-12,USD/PHP,56.28875292081465
2025-08-13,USD/PHP,55.98356976432149
2025-08-14,USD/PHP,56.223459166317625
2025-08-15,USD/PHP,56.068545069275544
2025-08-16,USD/PHP,56.09135064383076
2025-08-17,USD/PHP,56.11395345604644
2025-08-18,USD/PHP,56.08954171200347
2025-08-19,USD/PHP,56.12854455197351
2025-08-20,USD/PHP,56.26583050602649
2025-08-21,USD/PHP,56.03930423394029
2025-08-22,USD/PHP,56.1418007515177
2025-08-23,USD/PHP,55.982052861142556
2025-08-24,USD/PHP,56.2880234430899
2025-08-25,USD/PHP,55.864721539588146
2025-08-26,USD/PHP,56.36018808658216
2025-08-27,USD/PHP,55.991968409871134
2025-08-28,USD/PHP,55.71384497957639
2025-08-29,USD/PHP,56.02562088298216
2025-08-30,USD/PHP,55.86378966850502
2025-08-31,USD/PHP,56.16812870979774
2025-09-01,USD/PHP,55.86947520413952
2025-09-02,USD/PHP,55.910763313357045
2025-09-03,USD/PHP,55.62209185381089
2025-09-04,USD/PHP,55.90953873615018
2025-09-05,USD/PHP,55.515224134674206
2025-09-06,USD/PHP,55.68321943530285
2025-09-07,USD/PHP,56.15208293122886
2025-09-08,USD/PHP,56.157160031730164
2025-09-09,USD/PHP,56.085091512356996
2025-09-10,USD/PHP,55.806604771374154
2025-09-11,USD/PHP,55.9904577287716
2025-09-12,USD/PHP,55.999279492181884
2025-09-13,USD/PHP,55.76832706216149
2025-09-14,USD/PHP,56.30067966035343
2025-09-15,USD/PHP,56.17547245811513
2025-09-16,USD/PHP,55.95580716523407
2025-09-17,USD/PHP,56.005377167798905
2025-09-18,USD/PHP,56.04167656158951
2025-09-19,USD/PHP,55.59165302631514
2025-09-20,USD/PHP,55.95056452349588
2025-09-21,USD/PHP,55.863603150400444
2025-09-22,USD/PHP,55.799675998021016
2025-09-23,USD/PHP,55.94377994142281
2025-09-24,USD/PHP,56.359537305369905
2025-09-25,USD/PHP,56.1281685722534
2025-09-26,USD/PHP,55.88576420204344
2025-09-27,USD/PHP,56.114516556271234
2025-09-28,USD/PHP,56.2798710873172
2025-09-29,USD/PHP,56.184926736582554
2025-09-30,USD/PHP,56.011926073984036
2025-10-01,USD/PHP,55.87061264445889
2025-10-02,USD/PHP,56.139644662722716
2025-10-03,USD/PHP,56.07869707708435
2025-10-04,USD/PHP,56.179038644005544
2025-10-05,USD/PHP,56.127034360336395
2025-10-06,USD/PHP,56.20991054306387
2025-10-07,USD/PHP,55.89295295768789
2025-10-08,USD/PHP,56.263478813126866
2025-10-09,USD/PHP,56.03951992093848
2025-10-10,USD/PHP,56.41505217452505
2025-10-11,USD/PHP,55.862162436382086
2025-10-12,USD/PHP,56.34719276063305
2025-10-13,USD/PHP,56.03958215669253
2025-10-14,USD/PHP,55.86971639927711
2025-10-15,USD/PHP,55.90322283318913
2025-10-16,USD/PHP,55.935930538361134
2025-10-17,USD/PHP,56.08483318928038
2025-10-18,USD/PHP,56.1045670976071
2025-10-19,USD/PHP,55.88525999921229
2025-10-20,USD/PHP,55.9951290815478
2025-10-21,USD/PHP,56.42845407172237
2025-10-22,USD/PHP,56.34550863402014
2025-10-23,USD/PHP,56.08726473393481
2025-10-24,USD/PHP,56.00760069563364
2025-10-25,USD/PHP,56.02400626534365
2025-10-26,USD/PHP,56.12270359454608
2025-10-27,USD/PHP,55.79544148696032
2025-10-28,USD/PHP,55.94852469251533
2025-10-29,USD/PHP,55.66628318522448
2025-10-30,USD/PHP,56.07984462452106
2025-10-31,USD/PHP,56.12943918794055
2025-11-01,USD/PHP,55.903362707540126
2025-11-02,USD/PHP,56.314797352658005
2025-11-03,USD/PHP,55.75484686739953
2025-11-04,USD/PHP,55.707125023958035
2025-11-05,USD/PHP,56.04489036371199
2025-11-06,USD/PHP,56.20941966052243
2025-11-07,USD/PHP,56.33678553829157
2025-11-08,USD/PHP,55.90822314742621
2025-11-09,USD/PHP,56.215736166686256
2025-11-10,USD/PHP,55.99229830609986
2025-11-11,USD/PHP,55.96547454001183
2025-11-12,USD/PHP,56.176731987497334
2025-11-13,USD/PHP,56.13046457568269
2025-11-14,USD/PHP,55.68472156860315
2025-11-15,USD/PHP,56.29530806994518
2025-11-16,USD/PHP,56.27601827082949
2025-11-17,USD/PHP,55.874887459698094
2025-11-18,USD/PHP,56.07916070668748
2025-11-19,USD/PHP,56.098806037256544
2025-11-20,USD/PHP,56.05213475316478
2025-11-21,USD/PHP,55.88993896923092
2025-11-22,USD/PHP,55.865675326412386
2025-11-23,USD/PHP,55.99488918580171
2025-11-24,USD/PHP,56.23454580385187
2025-11-25,USD/PHP,56.10872003091889
2025-11-26,USD/PHP,55.92587713358278
2025-11-27,USD/PHP,56.15433974212967
2025-11-28,USD/PHP,55.430291475873986
2025-11-29,USD/PHP,56.22975314007442
2025-11-30,USD/PHP,55.65205724424438
2025-12-01,USD/PHP,55.92751181171938
2025-12-02,USD/PHP,55.77606602107477
2025-12-03,USD/PHP,55.74106370485582
2025-12-04,USD/PHP,56.2321653574757
2025-12-05,USD/PHP,55.90645975973762
2025-12-06,USD/PHP,56.06930077634615
2025-12-07,USD/PHP,55.99061588422416
2025-12-08,USD/PHP,56.095408165444624
2025-12-09,USD/PHP,56.01536437821205
2025-12-10,USD/PHP,55.743401555162286
2025-12-11,USD/PHP,56.199253363889426
2025-12-12,USD/PHP,55.90124868336774
2025-12-13,USD/PHP,55.68868362026805
2025-12-14,USD/PHP,55.91437696780682
2025-12-15,USD/PHP,56.30015195812686
2025-12-16,USD/PHP,56.1700443484227
2025-12-17,USD/PHP,55.93026957311843
2025-12-18,USD/PHP,55.93014845913631
2025-12-19,USD/PHP,55.935672989756526
2025-12-20,USD/PHP,56.41534959671217
2025-12-21,USD/PHP,56.07638709044631
2025-12-22,USD/PHP,56.086008329438215
2025-12-23,USD/PHP,56.20605669080637
2025-12-24,USD/PHP,56.047757831805306
2025-12-25,USD/PHP,55.94819157083586
2025-12-26,USD/PHP,55.960730030183
2025-12-27,USD/PHP,55.985679748117185
2025-12-28,USD/PHP,55.99255555269803
2025-12-29,USD/PHP,56.14552590872739
2025-12-30,USD/PHP,56.01038917716146
2025-12-31,USD/PHP,56.14652801544312
